{
  "action_manifest_version": 0,
  "alias_info": {},
  "app_key": "steam.app.740250",
  "bindings": {
    "/actions/generic": {
      "sources": [
        {
          "inputs": {
            "position": {
              "output": "/actions/generic/in/axis"
            }
          },
          "mode": "joystick",
          "path": "/user/treadmill/input/joystick"
        }
      ]
    },
    "/actions/knuckles": {
      "sources": [
        {
          "inputs": {
            "position": {
              "output": "/actions/knuckles/in/joystick"
            }
          },
          "mode": "joystick",
          "path": "/user/treadmill/input/joystick"
        }
      ]
    },
    "/actions/vive": {
      "sources": [
        {
          "inputs": {
            "position": {
              "output": "/actions/vive/in/touchpad"
            }
          },
          "mode": "joystick",
          "path": "/user/treadmill/input/joystick"
        }
      ]
    },
    "/actions/oculustouch": {
      "sources": [
        {
          "inputs": {
            "position": {
              "output": "/actions/oculustouch/in/joystick"
            }
          },
          "mode": "joystick",
          "path": "/user/treadmill/input/joystick"
        }
      ]
    },
    "/actions/windowsmr": {
      "sources": [
        {
          "inputs": {
            "position": {
              "output": "/actions/windowsmr/in/joystick"
            }
          },
          "mode": "joystick",
          "path": "/user/treadmill/input/joystick"
        }
      ]
    },
    "/actions/hpreverb": {
      "sources": [
        {
          "inputs": {
            "position": {
              "output": "/actions/hpreverb/in/joystick"
            }
          },
          "mode": "joystick",
          "path": "/user/treadmill/input/joystick"
        }
      ]
    },
    "/actions/cosmos": {
      "sources": [
        {
          "inputs": {
            "position": {
              "output": "/actions/cosmos/in/joystick"
            }
          },
          "mode": "joystick",
          "path": "/user/treadmill/input/joystick"
        }
      ]
    }
  },
  "category": "steamvr_input",
  "controller_type": "hip_locomotion",
  "description": "Default Hip Locomotion bindings for Neos VR",
  "name": "Default Hip Locomotion bindings for Neos VR",
  "options": {
    "returnBindingsWithLeftHand": true
  },
  "simulated_actions": []
}
