{
  "action_manifest_version": 0,
  "alias_info": {},
  "app_key": "steam.app.520010",
  "bindings": {
    "/actions/main": {
      "sources": [
        {
          "inputs": {
            "position": {
              "output": "/actions/main/in/walkstick"
            }
          },
          "mode": "joystick",
          "path": "/user/treadmill/input/joystick"
        }
      ]
    }
  },
  "category": "steamvr_input",
  "controller_type": "hip_locomotion",
  "description": "Default Hip Locomotion bindings for Climbey",
  "name": "Default Hip Locomotion bindings for Climbey",
  "options": {
    "returnBindingsWithLeftHand": true
  },
  "simulated_actions": []
}
