{
  "action_manifest_version": 0,
  "alias_info": {},
  "app_key": "steam.app.275850",
  "bindings": {
    "/actions/onfootcontrols": {
      "sources": [
        {
          "inputs": {
            "position": {
              "output": "/actions/onfootcontrols/in/move"
            }
          },
          "mode": "joystick",
          "path": "/user/treadmill/input/joystick"
        }
      ]
    },
    "/actions/onfootquickmenu": {
      "sources": [
        {
          "inputs": {
            "position": {
              "output": "/actions/onfootquickmenu/in/move"
            }
          },
          "mode": "joystick",
          "path": "/user/treadmill/input/joystick"
        }
      ]
    }
  },
  "category": "steamvr_input",
  "controller_type": "hip_locomotion",
  "description": "Default Hip Locomotion bindings for No Man's Sky",
  "name": "Default Hip Locomotion bindings for No Man's Sky",
  "options": {
    "returnBindingsWithLeftHand": true
  },
  "simulated_actions": []
}
