{
  "action_manifest_version": 0,
  "alias_info": {},
  "app_key": "steam.app.496240",
  "bindings": {
    "/actions/onward": {
      "sources": [
        {
          "inputs": {
            "position": {
              "output": "/actions/onward/in/dronemovement"
            }
          },
          "mode": "joystick",
          "parameters": {
            "deadzone_pct": "10"
          },
          "path": "/user/treadmill/input/joystick"
        },
        {
          "inputs": {
            "position": {
              "output": "/actions/onward/in/movementspectator"
            }
          },
          "mode": "joystick",
          "parameters": {
            "deadzone_pct": "10"
          },
          "path": "/user/treadmill/input/joystick"
        },
        {
          "inputs": {
            "position": {
              "output": "/actions/onward/in/movementdirection"
            }
          },
          "mode": "joystick",
          "parameters": {
            "deadzone_pct": "10"
          },
          "path": "/user/treadmill/input/joystick"
        }
      ]
    }
  },
  "category": "steamvr_input",
  "controller_type": "hip_locomotion",
  "description": "Default Hip Locomotion bindings for Onward",
  "name": "Default Hip Locomotion bindings for Onward",
  "options": {
    "returnBindingsWithLeftHand": true
  },
  "simulated_actions": []
}
