{
  "action_manifest_version": 0,
  "alias_info": {},
  "app_key": "steam.app.858260",
  "bindings": {
    "/actions/default": {
      "sources": [
        {
          "inputs": {
            "position": {
              "output": "/actions/default/in/movement"
            }
          },
          "mode": "joystick",
          "path": "/user/treadmill/input/joystick"
        }
      ]
    }
  },
  "category": "steamvr_input",
  "controller_type": "hip_locomotion",
  "description": "Default Hip Locomotion bindings for Until You Fall",
  "name": "Default Hip Locomotion bindings for Until You Fall",
  "options": {
    "returnBindingsWithLeftHand": true
  },
  "simulated_actions": []
}
