{
  "action_manifest_version": 0,
  "alias_info": {},
  "app_key": "steam.app.555160",
  "bindings": {
    "/actions/main": {
      "sources": [
        {
          "inputs": {
            "position": {
              "output": "/actions/main/in/move_x,move_y x y_axis2d"
            }
          },
          "parameters": {
            "invert": "y"
          },
          "mode": "joystick",
          "path": "/user/treadmill/input/joystick"
        }
      ]
    }
  },
  "category": "steamvr_input",
  "controller_type": "hip_locomotion",
  "description": "Default Hip Locomotion bindings for Pavlov VR",
  "name": "Default Hip Locomotion bindings for Pavlov VR",
  "options": {
    "returnBindingsWithLeftHand": true
  },
  "simulated_actions": []
}
