{
  "action_manifest_version": 0,
  "alias_info": {},
  "app_key": "steam.app.1294760",
  "bindings": {
    "/actions/vrtk": {
      "sources": [
        {
          "inputs": {
            "position": {
              "output": "/actions/vrtk/in/touchpadtwoposition"
            }
          },
          "mode": "joystick",
          "path": "/user/treadmill/input/joystick"
        },
        {
          "inputs": {
            "position": {
              "output": "/actions/vrtk/in/touchpadposition"
            }
          },
          "mode": "joystick",
          "path": "/user/treadmill/input/joystick"
        }
      ]
    }
  },
  "category": "steamvr_input",
  "controller_type": "hip_locomotion",
  "description": "Default Hip Locomotion bindings for Hard Bullet",
  "name": "Default Hip Locomotion bindings for Hard Bullet",
  "options": {
    "returnBindingsWithLeftHand": true
  },
  "simulated_actions": []
}
